3x3 Code;2x2 Code;2x2 -> 3x3 Mapping default;zusätzliche Erklärung DE;textLang DE;zusätzliche Erklärung EN;textLang EN
000000000;0000;true;;Die Sendung wurde Hermes elektronisch angekündigt.;;The shipment has been notified to Hermes electronically.
000000002;0000;false;;Die Sendung wurde Hermes elektronisch angekündigt.;;The shipment has been notified to Hermes electronically.
000000003;0000;false;;Die Sendung wurde Hermes elektronisch angekündigt.;;The shipment has been notified to Hermes electronically.
000000006;0000;false;;Die Sendung wurde Hermes elektronisch angekündigt.;;The shipment has been notified to Hermes electronically.
000000009;0000;false;;Die Sendung wurde Hermes elektronisch angekündigt.;;The shipment has been notified to Hermes electronically.
000001000;0600;true;Sendung nicht am Depot eingetroffen (Eil/1T);Die angekündigte Sendung ist bisher noch nicht im erwarteten Hermes Zieldepot eingetroffen.;Shipment has not arrived at the depot (1st notice after 1 day);The notified shipment has not yet arrived at the expected Hermes destination depot.
000002000;0700;true;Sendung nicht am Depot eingetroffen (Eil/2T);Die angekündigte Sendung ist bisher noch nicht im erwarteten Hermes Zieldepot eingetroffen.;Shipment has not arrived at the depot (2nd notice after 2 days);The notified shipment has not yet arrived at the expected Hermes destination depot.
000003000;0800;true;Sendung nicht am Depot eingetroffen (N-Eil/7T);Die angekündigte Sendung ist bisher noch nicht im erwarteten Hermes Zieldepot eingetroffen.;Shipment has not arrived at the depot (3rd notice after 7 days);The notified shipment has not yet arrived at the expected Hermes destination depot.
000003009;0800;false;Sendung nicht am Depot eingetroffen (N-Eil/7T);Die angekündigte Sendung ist bisher noch nicht im erwarteten Hermes Zieldepot eingetroffen.;Shipment has not arrived at the depot (3rd notice after 7 days);The notified shipment has not yet arrived at the expected Hermes destination depot.
000004000;0900;true;Sendung nicht am Depot eingetroffen (N-Eil/28T);Die angekündigte Sendung ist bisher noch nicht im erwarteten Hermes Zieldepot eingetroffen.;Shipment has not arrived at the depot (4th notice after 28 days);The notified shipment has not yet arrived at the expected Hermes destination depot.
010000000;1000;true;;Die Sendung hat das Lager des Auftraggebers verlassen.;;The shipment has left the clients warehouse.
010000007;1000;false;;Die Sendung hat das Lager des Auftraggebers verlassen.;;The shipment has left the clients warehouse.
010000009;1000;false;;Die Sendung hat das Lager des Auftraggebers verlassen.;;The shipment has left the clients warehouse.
030000000;1510;false;Sendung am LC umgeschlagen;Die Sendung wurde #IM# #ORT# #CITY# sortiert.;Shipment handled at Logistics Center;The shipment has been sorted #IM# #ORT# #CITY#.
030000006;1510;true;Sendung am LC umgeschlagen;Die Sendung wurde #IM# #ORT# #CITY# sortiert.;Shipment handled at Logistics Center;The shipment has been sorted #IM# #ORT# #CITY#.
030000009;1510;false;Sendung am LC umgeschlagen;Die Sendung wurde #IM# #ORT# #CITY# sortiert.;Shipment handled at Logistics Center;The shipment has been sorted #IM# #ORT# #CITY#.
030015006;1510;false;Sendung am LC umgeschlagen (Sammelkarton);Die Sendung wurde #IM# #ORT# #CITY# sortiert.;Shipment handled at Logistics Center;The shipment has been sorted #IM# #ORT# #CITY#.
031040006;9040;true;Sperrgut (ESI);Die Sendung wurde vermessen und wird ggf. als Sperrgut nacherfasst.;Bulky good identified (manually);The shipment has been measured and will be registered as bulky goods if necessary.
031040009;9040;false;Sperrgut (ESI);Die Sendung wurde vermessen und wird ggf. als Sperrgut nacherfasst.;Bulky good identified (manually);The shipment has been measured and will be registered as bulky goods if necessary.
031041006;9041;true;Sperrgut (Sorter);Die Sendung wurde vermessen und wird ggf. als Sperrgut nacherfasst.;Bulky good identified (automated);The shipment has been measured and will be registered as bulky goods if necessary.
033001009;1710;true;;Die Zollpapiere für die Ausfuhr wurden erstellt.;;Customs Export for the shipment was created.
033002009;1720;true;;Die Zollabfertigung wurde erfolgreich abgeschlossen.;;Customs clearance was successfully completed.
033003009;1730;true;;Die Sendung wird #IN# #CITY# beim Zoll aufbewahrt.;;Shipment is held by customs #IN# #CITY#.
033005006;1810;true;;Die Sendung wird an den Hermes Partner-Spediteur für den internationalen Versand übergeben.;;The shipment will be handed over to the Hermes partner carrier for international shipping.
033006006;1820;true;;Die Sendung wird an den Hermes Partner-Spediteur für den internationalen Versand übergeben.;;The shipment will be handed over to the Hermes partner carrier for international shipping.
033006009;1820;false;;Die Sendung wird an den Hermes Partner-Spediteur für den internationalen Versand übergeben.;;The shipment will be handed over to the Hermes partner carrier for international shipping.
033051009;1751;true;;Die Sendung wurde vom Zoll zurückgewiesen.;;The shipment was rejected by customs.
035001000;1610;true;;Die Sendung befindet sich #IN# #CITY# auf dem Weitertransport #LAND#.;;Shipment is in international transit and located in #ORT# #LAND#.
035001009;1610;false;;Die Sendung befindet sich #IN# #CITY# auf dem Weitertransport #LAND#.;;Shipment is in international transit and located in #ORT# #LAND#.
037001002;1900;false;;Die Sendung wurde nach erfolgter Abholung #AM# #ORT# übernommen.;;The shipment was accepted #AM# #ORT# after collection.
037001003;1900;true;;Die Sendung wurde nach erfolgter Abholung #AM# #ORT# übernommen.;;The shipment was accepted #AM# #ORT# after collection.
037002002;1901;false;Sendung per Selbstanlieferung an NDL eingeschleust;Die Sendung ist #IM# #ORT# #CITY# eingetroffen.;Shipment arrived at branch by self-delivery.;The shipment has arrived #IM# #ORT# #CITY#.
037002003;1901;true;Sendung per Selbstanlieferung an NDL eingeschleust;Die Sendung ist #IM# #ORT# #CITY# eingetroffen.;Shipment arrived at branch by self-delivery.;The shipment has arrived #IM# #ORT# #CITY#.
037003002;1910;false;Einschleusung auf Tour;Die Sendung ist #IM# #ORT# #CITY# eingetroffen.;Shipment received on tour.;The shipment has arrived #IM# #ORT# #CITY#.
037003003;1910;false;Einschleusung auf Tour;Die Sendung ist #IM# #ORT# #CITY# eingetroffen.;Shipment received on tour.;The shipment has arrived #IM# #ORT# #CITY#.
037003004;1910;true;Einschleusung auf Tour;Die Sendung wurde beim Auftraggeber/Lieferanten abgeholt.;Shipment received on tour.;The shipment was collected from the client/supplier.
037004003;1900;false;Die Sendung wurden an unserer NDL eingeliefert;Die Sendung ist #IM# #ORT# #CITY# eingetroffen.;Shipment arrived at branch.;The shipment has arrived #IM# #ORT# #CITY#.
045000000;2000;false;;Die Sendung ist #IM# #ORT# #CITY# eingetroffen.;;The shipment has arrived #IM# #ORT# #CITY#.
045000009;2000;false;;Die Sendung ist #IM# #ORT# #CITY# eingetroffen.;;The shipment has arrived #IM# #ORT# #CITY#.
045001002;2000;true;;Die Sendung ist #IM# #ORT# #CITY# eingetroffen.;;The shipment has arrived #IM# #ORT# #CITY#.
045001003;2000;false;;Die Sendung ist #IM# #ORT# #CITY# eingetroffen.;;The shipment has arrived #IM# #ORT# #CITY#.
045001006;2000;false;;Die Sendung ist #IM# #ORT# #CITY# eingetroffen.;;The shipment has arrived #IM# #ORT# #CITY#.
045001008;2400;true;;Die Sendung ist am PaketShop #PAKETSHOPNAME# abgegeben worden.;;The shipment has been handed in at the #PAKETSHOPNAME# ParcelShop.
045001009;2000;false;;Die Sendung ist #IM# #ORT# #CITY# eingetroffen.;;The shipment has arrived #IM# #ORT# #CITY#.
045002003;2100;true;;Die Sendung ist #IM# #ORT# #CITY# ohne Avisdaten eingetroffen. Die Sendung muss manuell geprüft und nacherfasst werden.;;The shipment has arrived #IM# #ORT# #CITY# without advice data. The shipment must be checked manually and subsequently recorded.
045005003;2000;false;Automatischer Sendungseingang (Elisa);Die Sendung ist #IM# #ORT# #CITY# eingetroffen.;Shipment received (automatic / Elisa);The shipment has arrived #IM# #ORT# #CITY#.
045020002;2300;true;Automatischer Sendungseingang;Die Sendung ist #IM# #ORT# #CITY# eingetroffen.;Shipment received (automatic);The shipment has arrived #IM# #ORT# #CITY#.
045020003;2300;false;Automatischer Sendungseingang;Die Sendung ist #IM# #ORT# #CITY# eingetroffen.;Shipment received (automatic);The shipment has arrived #IM# #ORT# #CITY#.
048001005;4610;true;;Die Sendung konnte am Hermes PaketShop aufgrund von hohem Sendungsvolumen vom Fahrer nicht mitgenommen werden. Die Abholung der Sendung ist für den folgenden Werktag vorgesehen.;;The shipment was unable to be picked up by the driver at the Hermes ParcelShop due to the high volume of shipments. The shipment is scheduled to be collected on the following working day.
048001008;4610;false;;Die Sendung konnte am Hermes PaketShop aufgrund von hohem Sendungsvolumen vom Fahrer nicht mitgenommen werden. Die Abholung der Sendung ist für den folgenden Werktag vorgesehen.;;The shipment was unable to be picked up by the driver at the Hermes ParcelShop due to the high volume of shipments. The shipment is scheduled to be collected on the following working day.
048002000;4620;false;;Die Sendung lag im Hermes PaketShop nicht vor und konnte daher nicht vom Fahrer mitgenommen werden. Es erfolgt ein weiterer Abholversuch.;;The shipment was not available at the Hermes ParcelShop and was therefore unable to be picked up by the driver. Another collection attempt will be made.
048002002;4620;false;;Die Sendung lag im Hermes PaketShop nicht vor und konnte daher nicht vom Fahrer mitgenommen werden. Es erfolgt ein weiterer Abholversuch.;;The shipment was not available at the Hermes ParcelShop and was therefore unable to be picked up by the driver. Another collection attempt will be made.
048002003;4620;false;;Die Sendung lag im Hermes PaketShop nicht vor und konnte daher nicht vom Fahrer mitgenommen werden. Es erfolgt ein weiterer Abholversuch.;;The shipment was not available at the Hermes ParcelShop and was therefore unable to be picked up by the driver. Another collection attempt will be made.
048002005;4620;true;;Die Sendung lag im Hermes PaketShop nicht vor und konnte daher nicht vom Fahrer mitgenommen werden. Es erfolgt ein weiterer Abholversuch.;;The shipment was not available at the Hermes ParcelShop and was therefore unable to be picked up by the driver. Another collection attempt will be made.
048002009;4620;false;;Die Sendung lag im Hermes PaketShop nicht vor und konnte daher nicht vom Fahrer mitgenommen werden. Es erfolgt ein weiterer Abholversuch.;;The shipment was not available at the Hermes ParcelShop and was therefore unable to be picked up by the driver. Another collection attempt will be made.
048003000;4630;false;;Die Sendung konnte erneut nicht im Hermes PaketShop gefunden werden: der Verbleib der Sendung ist unklar. Bitte reichen Sie bei Hermes eine Sendungsrecherche ein.;;The shipment was again unable to be found in the Hermes ParcelShop: the whereabouts of the shipment are unclear. Please submit a shipment search to Hermes.
048003002;4630;false;;Die Sendung konnte erneut nicht im Hermes PaketShop gefunden werden: der Verbleib der Sendung ist unklar. Bitte reichen Sie bei Hermes eine Sendungsrecherche ein.;;The shipment was again unable to be found in the Hermes ParcelShop: the whereabouts of the shipment are unclear. Please submit a shipment search to Hermes.
048003003;4630;false;;Die Sendung konnte erneut nicht im Hermes PaketShop gefunden werden: der Verbleib der Sendung ist unklar. Bitte reichen Sie bei Hermes eine Sendungsrecherche ein.;;The shipment was again unable to be found in the Hermes ParcelShop: the whereabouts of the shipment are unclear. Please submit a shipment search to Hermes.
048003005;4630;true;;Die Sendung konnte erneut nicht im Hermes PaketShop gefunden werden: der Verbleib der Sendung ist unklar. Bitte reichen Sie bei Hermes eine Sendungsrecherche ein.;;The shipment was again unable to be found in the Hermes ParcelShop: the whereabouts of the shipment are unclear. Please submit a shipment search to Hermes.
048003009;4630;false;;Die Sendung konnte erneut nicht im Hermes PaketShop gefunden werden: der Verbleib der Sendung ist unklar. Bitte reichen Sie bei Hermes eine Sendungsrecherche ein.;;The shipment was again unable to be found in the Hermes ParcelShop: the whereabouts of the shipment are unclear. Please submit a shipment search to Hermes.
048090000;4690;true;;Der letzte Status am PaketShop wurde storniert/korrigiert.;;The last status was cancelled/corrected at the Hermes ParcelShop.
048090002;4690;false;;Der letzte Status am PaketShop wurde storniert/korrigiert.;;The last status was cancelled/corrected at the Hermes ParcelShop.
048090003;4690;false;;Der letzte Status am PaketShop wurde storniert/korrigiert.;;The last status was cancelled/corrected at the Hermes ParcelShop.
048090005;4690;false;;Der letzte Status am PaketShop wurde storniert/korrigiert.;;The last status was cancelled/corrected at the Hermes ParcelShop.
048090008;4690;false;;Der letzte Status am PaketShop wurde storniert/korrigiert.;;The last status was cancelled/corrected at the Hermes ParcelShop.
050001000;3000;true;;Die Sendung ist auf Zustelltour gegangen. Die Zustellung erfolgt voraussichtlich heute.;;The shipment has gone out on a delivery route. Delivery is expected today.
050001002;3000;false;;Die Sendung ist auf Zustelltour gegangen. Die Zustellung erfolgt voraussichtlich heute.;;The shipment has gone out on a delivery route. Delivery is expected today.
050001003;3000;false;;Die Sendung ist auf Zustelltour gegangen. Die Zustellung erfolgt voraussichtlich heute.;;The shipment has gone out on a delivery route. Delivery is expected today.
050001009;3000;false;;Die Sendung ist auf Zustelltour gegangen. Die Zustellung erfolgt voraussichtlich heute.;;The shipment has gone out on a delivery route. Delivery is expected today.
050021002;3010;false;Autom. Tourenausgang aus der Inventur;Die Sendung hat #ART# #ORT# verlassen.;Shipment on tour (stocktaking);The shipment has left #ART# #ORT#.
050021003;3010;false;Autom. Tourenausgang aus der Inventur;Die Sendung hat #ART# #ORT# verlassen.;Shipment on tour (stocktaking);The shipment has left #ART# #ORT#.
050024003;3300;true;Autom. Tourenausgang für Sorter;Die Sendung wurde #IM# #ORT# #CITY# sortiert.;Shipment on tour (automatic);The shipment has been sorted #IM# #ORT# #CITY#.
050026003;3010;true;Tourenausgang SAT-Belieferungstour;Die Sendung hat #ART# #ORT# verlassen.;Outgoing SAT delivery tour;The shipment has left #ART# #ORT#.
050028003;3010;false;Autom. Tourenausgang Leda;Die Sendung hat #ART# #ORT# verlassen.;Shipment on tour (automatic / LEDA);The shipment has left #ART# #ORT#.
050029003;3010;false;Autom. Tourenausgang Druckprogramme;Die Sendung wurde #IM# #ORT# #CITY# bearbeitet.;Shipment on tour (automatic / Print);The shipment has been processed #IM# #ORT# #CITY#.
050090002;4070;false;Storno Tourenausgang;Die Sendung hat #ART# #ORT# nicht verlassen, da der letzte Status storniert/korrigiert wurde.;Shipment on tour cancelled;The shipment did not leave #ART# #ORT# because the last status was cancelled/corrected.
050090003;4070;true;Storno Tourenausgang;Die Sendung hat #ART# #ORT# nicht verlassen, da der letzte Status storniert/korrigiert wurde.;Shipment on tour cancelled;The shipment did not leave #ART# #ORT# because the last status was cancelled/corrected.
055001000;3410;false;;Die Sendung liegt im Hermes PaketShop #PAKETSHOPNAME# zur Abholung bereit.;;The shipment is available for collection from the Hermes ParcelShop #PAKETSHOPNAME#.
055001003;3410;false;;Die Sendung liegt im Hermes PaketShop #PAKETSHOPNAME# zur Abholung bereit.;;The shipment is available for collection from the Hermes ParcelShop #PAKETSHOPNAME#.
055001005;3410;true;;Die Sendung liegt im Hermes PaketShop #PAKETSHOPNAME# zur Abholung bereit.;;The shipment is available for collection from the Hermes ParcelShop #PAKETSHOPNAME#.
055001009;3410;false;;Die Sendung liegt im Hermes PaketShop #PAKETSHOPNAME# zur Abholung bereit.;;The shipment is available for collection from the Hermes ParcelShop #PAKETSHOPNAME#.
055002000;3430;true;;Die Sendung wurde dem Inselspediteur übergeben. Der Transport zur Insel und die Zustellung kann abhängig von den Gezeiten sein.;;The shipment has been handed over to the island carrier. Transport to the island and delivery may depend on the tides.
060000002;4025;true;Rücklauf;Die Sendung wurde #IM# #ORT# #CITY# sortiert und wird zum nächsten Hermes Verteilzentrum weitergeleitet.;Shipment returned;The shipment has been sorted #IM# #ORT# #CITY# and will be forwarded to the nearest Hermes distribution centre.
060000003;4025;false;Rücklauf;Die Sendung wurde #IM# #ORT# #CITY# sortiert und wird zum nächsten Hermes Verteilzentrum weitergeleitet.;Shipment returned;The shipment has been sorted #IM# #ORT# #CITY# and will be forwarded to the nearest Hermes distribution centre.
060000009;4025;false;Rücklauf;Die Sendung wurde #IM# #ORT# #CITY# sortiert und wird zum nächsten Hermes Verteilzentrum weitergeleitet.;Shipment returned;The shipment has been sorted #IM# #ORT# #CITY# and will be forwarded to the nearest Hermes distribution centre.
060001004;3710;true;Rücklauf - Annahmeverweigerung;Die Sendung wurde beim Zustellversuch nicht angenommen und befindet sich auf dem Rückweg ins nächste Hermes Verteilzentrum.;Shipment returned (customer refused to accept the shipment);The shipment was not accepted when delivery was attempted and its on way back to the nearest Hermes distribution centre.
060001005;3710;false;Rücklauf - Annahmeverweigerung;Die Sendung befindet sich auf dem Rückweg ins nächste Hermes Verteilzentrum.;Shipment returned (customer refused to accept the shipment);The shipment is on its way back to the nearest Hermes distribution centre.
060001008;4010;true;Rücklauf - Annahmeverweigerung;Die Sendung befindet sich auf dem Rückweg ins nächste Hermes Verteilzentrum.;Shipment returned (customer refused to accept the shipment);The shipment is on its way back to the nearest Hermes distribution centre.
060001009;3710;false;Rücklauf - Annahmeverweigerung;Die Sendung wurde beim Zustellversuch nicht angenommen und befindet sich auf dem Rückweg ins nächste Hermes Verteilzentrum.;Shipment returned (customer refused to accept the shipment);The shipment was not accepted when delivery was attempted and its on way back to the nearest Hermes distribution centre.
060002002;4020;false;Rücklauf - Falsche Adresse;Die Sendung befindet sich wieder #IM# #ORT# #CITY#, da die angegebene Anschrift nicht gefunden werden konnte.;Shipment returned (address not found);The shipment is back #IM# #ORT# #CITY#, as the specified address was unable to be found.
060002003;4020;true;Rücklauf - Falsche Adresse;Die Sendung befindet sich wieder #IM# #ORT# #CITY#, da die angegebene Anschrift nicht gefunden werden konnte.;Shipment returned (address not found);The shipment is back #IM# #ORT# #CITY#, as the specified address was unable to be found.
060002004;3720;true;Rücklauf - Falsche Adresse;Die angegebene Anschrift konnte nicht gefunden werden.;Shipment returned (address not found);The specified address was unable to be found.
060002009;3720;false;Rücklauf - Falsche Adresse;Die angegebene Anschrift konnte nicht gefunden werden.;Shipment returned (address not found);The specified address was unable to be found.
060003002;4031;false;Rücklauf - N1 ;Die Sendung befindet sich wieder #IM# #ORT# #CITY#.;Shipment returned (1st delivery attempt not successful);The shipment is back #IM# #ORT# #CITY#.
060003003;4031;true;Rücklauf - N1 ;Die Sendung befindet sich wieder #IM# #ORT# #CITY#.;Shipment returned (1st delivery attempt not successful);The shipment is back #IM# #ORT# #CITY#.
060003004;3731;true;Rücklauf - N1 ;Der Empfänger wurde nicht angetroffen. Hermes wird einen weiteren Zustellversuch durchführen.;Shipment returned (1st delivery attempt not successful);The recipient was not present. Hermes will make another delivery attempt.
060003009;3731;false;Rücklauf - N1 ;Der Empfänger wurde nicht angetroffen. Hermes wird einen weiteren Zustellversuch durchführen.;Shipment returned (1st delivery attempt not successful);The recipient was not present. Hermes will make another delivery attempt.
060004002;4032;false;Rücklauf - N2;Die Sendung befindet sich wieder #IM# #ORT# #CITY#.;Shipment returned (2nd delivery attempt not successful);The shipment is back #IM# #ORT# #CITY#.
060004003;4032;true;Rücklauf - N2;Die Sendung befindet sich wieder #IM# #ORT# #CITY#.;Shipment returned (2nd delivery attempt not successful);The shipment is back #IM# #ORT# #CITY#.
060004004;3732;true;Rücklauf - N2;Der Empfänger wurde zum 2. Mal nicht angetroffen. Hermes wird einen weiteren Zustellversuch durchführen.;Shipment returned (2nd delivery attempt not successful);The recipient was not present for the 2nd time. Hermes will make another delivery attempt.
060005002;4033;false;Rücklauf - N3;Die Sendung befindet sich wieder #IM# #ORT# #CITY#. Bitte nehmen Sie Kontakt mit Ihrem Kunden auf.;Shipment returned (3rd delivery attempt not successful);The shipment is back #IM# #ORT# #CITY#. Please contact your customer.
060005003;4033;true;Rücklauf - N3;Die Sendung befindet sich wieder #IM# #ORT# #CITY#. Bitte nehmen Sie Kontakt mit Ihrem Kunden auf.;Shipment returned (3rd delivery attempt not successful);The shipment is back #IM# #ORT# #CITY#. Please contact your customer.
060005004;3733;true;Rücklauf - N3;Der Empfänger wurde zum 3. Mal nicht angetroffen. Bitte nehmen Sie Kontakt mit Ihrem Kunden auf.;Shipment returned (3rd delivery attempt not successful);The recipient was not present for the 3rd time. Please contact your customer.
060006002;4034;false;Rücklauf - N4    ;Die Sendung befindet sich wieder #IM# #ORT# #CITY#. Sie wird für den Rückversand an den Auftraggeber vorbereitet.;Shipment returned (4th delivery attempt not successful);The shipment is back #IM# #ORT# #CITY#. The shipment is being prepared for return to the client.
060006003;4034;true;Rücklauf - N4    ;Die Sendung befindet sich wieder #IM# #ORT# #CITY#. Sie wird für den Rückversand an den Auftraggeber vorbereitet.;Shipment returned (4th delivery attempt not successful);The shipment is back #IM# #ORT# #CITY#. The shipment is being prepared for return to the client.
060006004;3734;true;Rücklauf - N4    ;Der Empfänger wurde zum 4. Mal nicht angetroffen. Sie wird für den Rückversand an den Auftraggeber vorbereitet.;Shipment returned (4th delivery attempt not successful);The recipient was not present for the 4th time. The shipment shall be prepared for return to the client.
060007000;3780;false;Rücklauf - Irrläufer     ;Die Sendung wird umgeleitet und die Zustellung verzögert sich.;Shipment returned (misdirected);The shipment is being redirected. Delivery is delayed.
060007002;4080;false;Rücklauf - Irrläufer     ;Die Sendung wird umgeleitet und die Zustellung verzögert sich.;Shipment returned (misdirected);The shipment is being redirected. Delivery is delayed.
060007003;4080;true;Rücklauf - Irrläufer     ;Die Sendung wird umgeleitet und die Zustellung verzögert sich.;Shipment returned (misdirected);The shipment is being redirected. Delivery is delayed.
060007004;3780;true;Rücklauf - Irrläufer     ;Die Sendung ist auf die falsche Tour gegangen und wird entsprechend umgeleitet. Die Zustellung verzögert sich.;Shipment returned (misdirected);The shipment has gone out on the wrong route and will be redirected accordingly. Delivery is delayed.
060007005;3780;false;Rücklauf - Irrläufer     ;Die Sendung ist zum falschen Hermes PaketShop geliefert worden und wird entsprechend umgeleitet. Die Zustellung verzögert sich.;Shipment returned (misdirected);The shipment has been delivered to the wrong Hermes ParcelShop and will be redirected accordingly. Delivery is delayed.
060007008;4080;false;Rücklauf - Irrläufer     ;Die Sendung ist zum falschen Hermes PaketShop geliefert worden und wird entsprechend umgeleitet. Die Zustellung verzögert sich.;Shipment returned (misdirected);The shipment has been delivered to the wrong Hermes ParcelShop and will be redirected accordingly. Delivery is delayed.
060007009;4080;false;Rücklauf - Irrläufer     ;Die Sendung ist auf die falsche Tour gegangen und wird entsprechend umgeleitet. Die Zustellung verzögert sich.;Shipment returned (misdirected);The shipment has gone out on the wrong route and will be redirected accordingly. Delivery is delayed.
060008000;3740;false;Rücklauf - Schadenfall;Die Sendung ist mit einem möglichen Schaden #IM# #ORT# #CITY# eingegangen.;Shipment returned (damage);The shipment has been received with potential damage #IM# #ORT# #CITY#.
060008002;4040;false;Rücklauf - Schadenfall;Die Sendung ist mit einem möglichen Schaden #IM# #ORT# #CITY# eingegangen.;Shipment returned (damage);The shipment has been received with potential damage #IM# #ORT# #CITY#.
060008003;4040;true;Rücklauf - Schadenfall;Die Sendung ist mit einem möglichen Schaden #IM# #ORT# #CITY# eingegangen.;Shipment returned (damage);The shipment has been received with potential damage #IM# #ORT# #CITY#.
060008004;3740;true;Rücklauf - Schadenfall;Die Zustellung wird aufgrund eines möglichen Schadens abgebrochen.;Shipment returned (damage);The shipment will be stopped due to a possible damage.
060008005;3740;false;Rücklauf - Schadenfall;Die Sendung ist mit einem möglichen Schaden #IM# #ORT# #CITY# eingegangen.;Shipment returned (damage);The shipment has been received with potential damage #IM# #ORT# #CITY#.
060008008;3740;false;Rücklauf - Schadenfall;Die Sendung ist mit einem möglichen Schaden #IM# #ORT# #CITY# eingegangen.;Shipment returned (damage);The shipment has been received with potential damage #IM# #ORT# #CITY#.
060008009;3740;false;Rücklauf - Schadenfall;Die Zustellung wird aufgrund eines möglichen Schadens abgebrochen.;Shipment returned (damage);The shipment will be stopped due to a possible damage.
060009002;4050;false;Rücklauf - Zeitmangel;Die Sendung befindet sich wieder #IM# #ORT# #CITY#.;Shipment returned (tour cancellation);The shipment is back #IM# #ORT# #CITY#.
060009003;4050;true;Rücklauf - Zeitmangel;Die Sendung befindet sich wieder #IM# #ORT# #CITY#.;Shipment returned (tour cancellation);The shipment is back #IM# #ORT# #CITY#.
060009004;3750;true;Rücklauf - Zeitmangel;Die Sendung konnte aufgrund eines Tourenabbruchs nicht zugestellt werden. Mögliche Gründe: Krankheit, defektes Fahrzeug oder Überschreitung der Arbeitszeit. Wir werden einen weiteren Zustellversuch durchführen.;Shipment returned (tour cancellation);The shipment was unable to be delivered due to a route cancellation. Possible reasons: Illness, defective vehicle or working hours exceeded. We will make another delivery attempt.
060009009;3750;false;Rücklauf - Zeitmangel;Die Sendung befindet sich wieder #IM# #ORT# #CITY#.;Shipment returned (tour cancellation);The shipment is back #IM# #ORT# #CITY#.
060010002;4015;false;Rücklauf - Empfänger hat kein Bargeld;Die Sendung befindet sich wieder #IM# #ORT# #CITY#.;Shipment returned (COD amount could not be paid);The shipment is back #IM# #ORT# #CITY#.
060010003;4015;true;Rücklauf - Empfänger hat kein Bargeld;Die Sendung befindet sich wieder #IM# #ORT# #CITY#.;Shipment returned (COD amount could not be paid);The shipment is back #IM# #ORT# #CITY#.
060010004;3715;true;Rücklauf - Empfänger hat kein Bargeld;Die Nachnahmesendung konnte aufgrund von fehlendem Bargeld nicht zugestellt werden.;Shipment returned (COD amount could not be paid);The Cash on delivery shipment was unable to be delivered due to a lack of cash.
060010009;4015;false;Rücklauf - Empfänger hat kein Bargeld;Die Sendung befindet sich wieder #IM# #ORT# #CITY#.;Shipment returned (COD amount could not be paid);The shipment is back #IM# #ORT# #CITY#.
060011002;4081;false;Rücklauf - Identservice   ;Die Sendung befindet sich wieder #IM# #ORT# #CITY#.;Shipment returned (Customer identification failed);The shipment is back #IM# #ORT# #CITY#.
060011003;4081;true;Rücklauf - Identservice   ;Die Sendung befindet sich wieder #IM# #ORT# #CITY#.;Shipment returned (Customer identification failed);The shipment is back #IM# #ORT# #CITY#.
060011009;4081;false;Rücklauf - Identservice   ;Die Identifikation des Empfängers ist fehlgeschlagen.;Shipment returned (Customer identification failed);Recipient identification failed.
060012002;4035;false;Rücklauf - Nicht am Paketshop abgeholt ;Die Sendung befindet sich wieder #IM# #ORT# #CITY#, da sie nicht am PaketShop abgeholt wurde.;Shipment returned (not collected from ParcelShop);The shipment is back #IM# #ORT# #CITY#, as it was not collected at the ParcelShop.
060012003;4035;false;Rücklauf - Nicht am Paketshop abgeholt ;Die Sendung befindet sich wieder #IM# #ORT# #CITY#, da sie nicht am PaketShop abgeholt wurde.;Shipment returned (not collected from ParcelShop);The shipment is back #IM# #ORT# #CITY#, as it was not collected at the ParcelShop.
060012005;4035;true;Rücklauf - Nicht am Paketshop abgeholt ;Die Sendung wurde innerhalb der 10 Tage nicht am Hermes PaketShop abgeholt.;Shipment returned (not collected from ParcelShop);The shipment was not collected from the Hermes ParcelShop within 10 days.
060012008;4035;false;Rücklauf - Nicht am Paketshop abgeholt ;Die Sendung wurde innerhalb der 10 Tage nicht am Hermes PaketShop abgeholt.;Shipment returned (not collected from ParcelShop);The shipment was not collected from the Hermes ParcelShop within 10 days.
060013002;4082;false;Rücklauf - Identservice Lichtbild  ;Die Sendung befindet sich wieder #IM# #ORT# #CITY#.;Shipment returned (customer identification failed - picture);The shipment is back #IM# #ORT# #CITY#.
060013003;4082;true;Rücklauf - Identservice Lichtbild  ;Die Sendung befindet sich wieder #IM# #ORT# #CITY#.;Shipment returned (customer identification failed - picture);The shipment is back #IM# #ORT# #CITY#.
060013004;3782;true;Rücklauf - Identservice Lichtbild  ;Die Identifikation ist fehlgeschlagen. Das Lichtbild des Ausweisdokumentes stimmt nicht mit dem Empfänger überein.;Shipment returned (customer identification failed - picture);Identification failed. The photo on the identity document does not match the recipient.
060013005;3782;false;Rücklauf - Identservice Lichtbild  ;Die Sendung befindet sich wieder #IM# #ORT# #CITY#.;Shipment returned (customer identification failed - picture);The shipment is back #IM# #ORT# #CITY#.
060013008;3782;false;Rücklauf - Identservice Lichtbild  ;Die Sendung befindet sich wieder #IM# #ORT# #CITY#.;Shipment returned (customer identification failed - picture);The shipment is back #IM# #ORT# #CITY#.
060014002;4083;false;Rücklauf - Identservice Name;Die Sendung befindet sich wieder #IM# #ORT# #CITY#.;Shipment returned (customer identification failed - name);The shipment is back #IM# #ORT# #CITY#.
060014003;4083;true;Rücklauf - Identservice Name;Die Sendung befindet sich wieder #IM# #ORT# #CITY#.;Shipment returned (customer identification failed - name);The shipment is back #IM# #ORT# #CITY#.
060014004;3783;true;Rücklauf - Identservice Name;Die Identifikation ist fehlgeschlagen. Der Name auf dem Ausweisdokument stimmt nicht mit dem übermittelten Empfängernamen überein.;Shipment returned (customer identification failed - name);Identification failed. The name on the identity document does not match the name of the recipient provided.
060014005;3783;false;Rücklauf - Identservice Name;Die Sendung befindet sich wieder #IM# #ORT# #CITY#.;Shipment returned (customer identification failed - name);The shipment is back #IM# #ORT# #CITY#.
060014008;3783;false;Rücklauf - Identservice Name;Die Sendung befindet sich wieder #IM# #ORT# #CITY#.;Shipment returned (customer identification failed - name);The shipment is back #IM# #ORT# #CITY#.
060015002;4084;false;Rücklauf - Identservice Geburtsdatum;Die Sendung befindet sich wieder #IM# #ORT# #CITY#.;Shipment returned (customer identification failed - Date of Birth);The shipment is back #IM# #ORT# #CITY#.
060015003;4084;true;Rücklauf - Identservice Geburtsdatum;Die Sendung befindet sich wieder #IM# #ORT# #CITY#.;Shipment returned (customer identification failed - Date of Birth);The shipment is back #IM# #ORT# #CITY#.
060015004;3784;true;Rücklauf - Identservice Geburtsdatum;Die Identifikation ist fehlgeschlagen. Das Geburtsdatum auf dem Ausweisdokument stimmt nicht mit dem übermittelten Datum überein.;Shipment returned (customer identification failed - Date of Birth);Identification failed. The date of birth on the identity document does not match the date provided.
060015005;3784;false;Rücklauf - Identservice Geburtsdatum;Die Sendung befindet sich wieder #IM# #ORT# #CITY#.;Shipment returned (customer identification failed - Date of Birth);The shipment is back #IM# #ORT# #CITY#.
060015008;3784;false;Rücklauf - Identservice Geburtsdatum;Die Sendung befindet sich wieder #IM# #ORT# #CITY#.;Shipment returned (customer identification failed - Date of Birth);The shipment is back #IM# #ORT# #CITY#.
060016002;4085;false;Rücklauf - Identservice Dokument;Die Sendung befindet sich wieder #IM# #ORT# #CITY#.;Shipment returned (customer identification failed - ID card number);The shipment is back #IM# #ORT# #CITY#.
060016003;4085;true;Rücklauf - Identservice Dokument;Die Sendung befindet sich wieder #IM# #ORT# #CITY#.;Shipment returned (customer identification failed - ID card number);The shipment is back #IM# #ORT# #CITY#.
060016004;3785;true;Rücklauf - Identservice Dokument;Die Identifikation ist fehlgeschlagen. Die Ausweisnr. des Dokumentes stimmt nicht mit der übermittelten Ausweisnr. überein.;Shipment returned (customer identification failed - ID card number);Identification failed. The ID number of the document does not match the ID number provided.
060016005;3785;false;Rücklauf - Identservice Dokument;Die Sendung befindet sich wieder #IM# #ORT# #CITY#.;Shipment returned (customer identification failed - ID card number);The shipment is back #IM# #ORT# #CITY#.
060016008;3785;false;Rücklauf - Identservice Dokument;Die Sendung befindet sich wieder #IM# #ORT# #CITY#.;Shipment returned (customer identification failed - ID card number);The shipment is back #IM# #ORT# #CITY#.
060017003;4086;true;Rücklauf - Identservice PIN-Code;Die Sendung befindet sich wieder #IM# #ORT# #CITY#.;Shipment returned (customer identification failed - pin code);The shipment is back #IM# #ORT# #CITY#.
060017005;3786;false;Rücklauf - Identservice PIN-Code;Die Sendung befindet sich wieder #IM# #ORT# #CITY#.;Shipment returned (customer identification failed - pin code);The shipment is back #IM# #ORT# #CITY#.
060017008;3786;true;Rücklauf - Identservice PIN-Code;Die Identifikation ist fehlgeschlagen. Der vom Empfänger eingegebene PIN-Code stimmt nicht mit dem übermittelten PIN-Code überein.;Shipment returned (customer identification failed - pin code);Identification failed. The PIN code entered by the recipient does not match the PIN code provided.
060018002;4087;false;Rücklauf - Identservice Alter;Die Sendung befindet sich wieder #IM# #ORT# #CITY#.;Shipment returned (customer identification failed - age verification);The shipment is back #IM# #ORT# #CITY#.
060018003;4087;true;Rücklauf - Identservice Alter;Die Sendung befindet sich wieder #IM# #ORT# #CITY#.;Shipment returned (customer identification failed - age verification);The shipment is back #IM# #ORT# #CITY#.
060018004;3787;true;Rücklauf - Identservice Alter;Die Identifikation ist fehlgeschlagen. Das Alter auf dem Ausweisdokument stimmt nicht mit dem übermittelten Datum überein.;Shipment returned (customer identification failed - age verification);Identification failed. The age on the identity document does not match the date provided.
060018005;3787;false;Rücklauf - Identservice Alter;Die Sendung befindet sich wieder #IM# #ORT# #CITY#.;Shipment returned (customer identification failed - age verification);The shipment is back #IM# #ORT# #CITY#.
060018008;3787;false;Rücklauf - Identservice Alter;Die Sendung befindet sich wieder #IM# #ORT# #CITY#.;Shipment returned (customer identification failed - age verification);The shipment is back #IM# #ORT# #CITY#.
060024002;4024;false;Rücklauf - Gewicht/Größe am PKS nicht erl.;Die Sendung befindet sich wieder #IM# #ORT# #CITY#, da sie für eine PaketShop-Lagerung zu groß/schwer war.;;The shipment is back #IM# #ORT# #CITY#, as it was too large/heavy for ParcelShop storage.
060024003;4024;true;Rücklauf - Gewicht/Größe am PKS nicht erl.;Die Sendung befindet sich wieder #IM# #ORT# #CITY#, da sie für eine PaketShop-Lagerung zu groß/schwer war.;;The shipment is back #IM# #ORT# #CITY#, as it was too large/heavy for ParcelShop storage.
060024005;4024;false;Rücklauf - Gewicht/Größe am PKS nicht erl.;Die Sendung war zu groß/schwer und kann nicht am Hermes PaketShop abgegeben werden.;;The shipment was too large/heavy and cannot be handed in at the Hermes ParcelShop.
060024008;4024;false;Rücklauf - Gewicht/Größe am PKS nicht erl.;Die Sendung war zu groß/schwer und kann nicht am Hermes PaketShop abgegeben werden.;;The shipment was too large/heavy and cannot be handed in at the Hermes ParcelShop.
060032002;4051;false;Rücklauf - TAN 1 ;Die Sendung befindet sich wieder #IM# #ORT# #CITY#.;Shipment returned (Incorrect TAN 1);The shipment is back #IM# #ORT# #CITY#.
060032003;4051;true;Rücklauf - TAN 1 ;Die Sendung befindet sich wieder #IM# #ORT# #CITY#.;Shipment returned (Incorrect TAN 1);The shipment is back #IM# #ORT# #CITY#.
060032004;3751;true;Rücklauf - TAN 1 ;Die Sendung konnte auf Grund einer fehlenden oder falschen TAN nicht zugestellt werden. Hermes wird einen weiteren Zustellversuch durchführen.;Shipment returned (Incorrect TAN 1);The shipment could not be delivered due to a missing or incorrect TAN. Hermes will make another delivery attempt.
060033002;4052;false;Rücklauf - TAN 2;Die Sendung befindet sich wieder #IM# #ORT# #CITY#.;Shipment returned (Incorrect TAN 2);The shipment is back #IM# #ORT# #CITY#.
060033003;4052;true;Rücklauf - TAN 2;Die Sendung befindet sich wieder #IM# #ORT# #CITY#.;Shipment returned (Incorrect TAN 2);The shipment is back #IM# #ORT# #CITY#.
060033004;3752;true;Rücklauf - TAN 2;Die Sendung konnte beim 2.Zustellversuch auf Grund einer fehlenden oder falschen TAN nicht zugestellt werden. Hermes wird einen weiteren Zustellversuch durchführen.;Shipment returned (Incorrect TAN 2);The shipment could not be delivered on the 2nd delivery attempt due to a missing or incorrect TAN. Hermes will make another delivery attempt.
060034002;4053;false;Rücklauf - TAN 3;Die Sendung befindet sich wieder #IM# #ORT# #CITY#. Bitte nehmen Sie Kontakt mit Ihrem Kunden auf.;Shipment returned (Incorrect TAN 3);The shipment is back #IM# #ORT# #CITY#. Please contact your customer.
060034003;4053;true;Rücklauf - TAN 3;Die Sendung befindet sich wieder #IM# #ORT# #CITY#. Bitte nehmen Sie Kontakt mit Ihrem Kunden auf.;Shipment returned (Incorrect TAN 3);The shipment is back #IM# #ORT# #CITY#. Please contact your customer.
060034004;3753;true;Rücklauf - TAN 3;Die Sendung konnte beim 3.Zustellversuch auf Grund einer fehlenden oder falschen TAN nicht zugestellt werden. Bitte nehmen Sie Kontakt mit Ihrem Kunden auf.;Shipment returned (Incorrect TAN 3);The shipment could not be delivered on the 3rd delivery attempt due to a missing or incorrect TAN. Please contact your customer.
060035002;4054;false;Rücklauf - TAN 4;Die Sendung befindet sich wieder #IM# #ORT# #CITY#. Sie wird für den Rückversand an den Auftraggeber vorbereitet.;Shipment returned (Incorrect TAN 4);The shipment is back #IM# #ORT# #CITY#. The shipment is being prepared for return to the client.
060035003;4054;true;Rücklauf - TAN 4;Die Sendung befindet sich wieder #IM# #ORT# #CITY#. Sie wird für den Rückversand an den Auftraggeber vorbereitet.;Shipment returned (Incorrect TAN 4);The shipment is back #IM# #ORT# #CITY#. The shipment is being prepared for return to the client.
060035004;3754;true;Rücklauf - TAN 4;Die Sendung konnte beim 4.Zustellversuch auf Grund einer fehlenden oder falschen TAN nicht zugestellt werden. Sie wird für den Rückversand an den Auftraggeber vorbereitet.;Shipment returned (Incorrect TAN 4);The shipment could not be delivered on the 4th delivery attempt due to a missing or incorrect TAN. The shipment will be prepared for return to the client.
060035005;3754;false;Rücklauf - TAN 4;Die Sendung konnte beim 4.Zustellversuch auf Grund einer fehlenden oder falschen TAN nicht zugestellt werden. Sie wird für den Rückversand an den Auftraggeber vorbereitet.;Shipment returned (Incorrect TAN 4);The shipment could not be delivered on the 4th delivery attempt due to a missing or incorrect TAN. The shipment will be prepared for return to the client.
060035008;3754;false;Rücklauf - TAN 4;Die Sendung konnte beim 4.Zustellversuch auf Grund einer fehlenden oder falschen TAN nicht zugestellt werden. Sie wird für den Rückversand an den Auftraggeber vorbereitet.;Shipment returned (Incorrect TAN 4);The shipment could not be delivered on the 4th delivery attempt due to a missing or incorrect TAN. The shipment will be prepared for return to the client.
060090002;4072;false;Storno Rücklauf;Der vorherige Status war fehlerhaft und wird korrigiert.;Shipment returned event cancelled;The previous status was incorrect and is being corrected.
060090003;4072;false;Storno Rücklauf;Der vorherige Status war fehlerhaft und wird korrigiert.;Shipment returned event cancelled;The previous status was incorrect and is being corrected.
060095002;4095;false;;Die Sendung befindet sich wieder #IM# #ORT# #CITY#, da die Auslieferung gestoppt wurde.;;The shipment is #IM# #ORT# #CITY# again, as delivery was stopped.
060095003;4095;true;;Die Sendung befindet sich wieder #IM# #ORT# #CITY#, da die Auslieferung gestoppt wurde.;;The shipment is #IM# #ORT# #CITY# again, as delivery was stopped.
060095004;3795;true;;Die Zustellung der Sendung wird auf Grund des Sendungsstopps ab hier nicht weiter durchgeführt.;;Delivery of the shipment will not be continued.
060095008;3795;false;;Die Zustellung der Sendung wird auf Grund des Sendungsstopps ab hier nicht weiter durchgeführt.;;Delivery of the shipment will not be continued.
065001000;4060;false;Retoure (Abholung);Die Retoure/Rücksendung ist #IM# #ORT# #CITY# eingetroffen.;Return shipment received (pick-up);The return/return shipment has arrived #IM# #ORT# #CITY#.
065001002;4060;false;Retoure (Abholung);Die Retoure/Rücksendung ist #IM# #ORT# #CITY# eingetroffen.;Return shipment received (pick-up);The return/return shipment has arrived #IM# #ORT# #CITY#.
065001003;4060;true;Retoure (Abholung);Die Retoure/Rücksendung ist #IM# #ORT# #CITY# eingetroffen.;Return shipment received (pick-up);The return/return shipment has arrived #IM# #ORT# #CITY#.
065001004;3760;true;Retoure (Abholung);Die Retoure/Rücksendung wurde beim Kunden abgeholt.;Return shipment received (pick-up);The shipment was collected from the customer.
065001009;3760;false;Retoure (Abholung);Die Retoure/Rücksendung ist #IM# #ORT# #CITY# eingetroffen.;Return shipment received (pick-up);The return/return shipment has arrived #IM# #ORT# #CITY#.
065002000;3761;false;Retoure (Mitnahme);Die Sendung ist eingetroffen.;Return shipment received (take-away);The shipment has arrived #IM# #ORT# #CITY#.
065002002;4061;false;Retoure (Mitnahme);Die Retoure/Rücksendung ist #IM# #ORT# #CITY# eingetroffen.;Return shipment received (take-away);The return/return shipment has arrived #IM# #ORT# #CITY#.
065002003;4061;true;Retoure (Mitnahme);Die Retoure/Rücksendung ist #IM# #ORT# #CITY# eingetroffen.;Return shipment received (take-away);The return/return shipment has arrived #IM# #ORT# #CITY#.
065002004;3761;true;Retoure (Mitnahme);Die Retoure/Rücksendung wurde beim Kunden mitgenommen.;Return shipment received (take-away);The return/return shipment was taken by the customer.
065002005;3761;false;Retoure (Mitnahme);Die Retoure/Rücksendung wurde vom PaketShop abgeholt.;Return shipment received (take-away);The return/return shipment was collected from the ParcelShop.
065002008;4062;true;Retoure (Mitnahme);Die Retoure/Rücksendung wurde am PaketShop #PAKETSHOPNAME# abgegeben.;Return shipment received (take-away);The shipment was handed in at the ParcelShop #PAKETSHOPNAME#.
065002009;3761;false;Retoure (Mitnahme);Die Retoure/Rücksendung wurde beim Kunden mitgenommen.;Return shipment received (take-away);The return/return shipment was taken by the customer.
080001009;4100;false;Lagernde Sendung;Die Sendung wird #AM# #ORT# aufbewahrt.;Shipment stored;The shipment is being kept #AM# #ORT#.
080002002;4100;false;Lagernd auf Kundenwunsch;Auf Wunsch des Empfängers wird die Sendung #AM# #ORT# aufbewahrt und zu einem späteren Zeitpunkt zugestellt.;Shipment stored (on consignee’s request);At the request of the recipient, the shipment will be kept #AM# #ORT# and delivered at a later date.
080002003;4100;false;Lagernd auf Kundenwunsch;Auf Wunsch des Empfängers wird die Sendung #AM# #ORT# aufbewahrt und zu einem späteren Zeitpunkt zugestellt.;Shipment stored (on consignee’s request);At the request of the recipient, the shipment will be kept #AM# #ORT# and delivered at a later date.
080003002;4100;false;Lagernd auf Auftraggeberwunsch;Auf Wunsch des Auftraggebers wird die Sendung #AM# #ORT# aufbewahrt und zu einem späteren Zeitpunkt zugestellt.;Shipment stored (on sender’s request);At the request of the client, the shipment will be kept #AM# #ORT# and delivered at a later date.
080003003;4100;false;Lagernd auf Auftraggeberwunsch;Auf Wunsch des Auftraggebers wird die Sendung #AM# #ORT# aufbewahrt und zu einem späteren Zeitpunkt zugestellt.;Shipment stored (on sender’s request);At the request of the client, the shipment will be kept #AM# #ORT# and delivered at a later date.
080004002;4100;false;;Hermes kann die Sendung leider nicht wie geplant zustellen. Die Sendung wird #AM# #ORT# aufbewahrt und zu einem späteren Zeitpunkt zugestellt. Mögliche Gründe: Kapazitätsengpässe oder Verzögerungen beim Sendungstransport.;;Unfortunately Hermes is unable to deliver the parcel as planned. The shipment will be kept #AM# #ORT# and delivered at a later date. Possible reasons: capacity bots or delays in the transport of shipments.
080004003;4100;true;;Hermes kann die Sendung leider nicht wie geplant zustellen. Die Sendung wird #AM# #ORT# aufbewahrt und zu einem späteren Zeitpunkt zugestellt. Mögliche Gründe: Kapazitätsengpässe oder Verzögerungen beim Sendungstransport.;;Unfortunately Hermes is unable to deliver the parcel as planned. The shipment will be kept #AM# #ORT# and delivered at a later date. Possible reasons: capacity bots or delays in the transport of shipments.
080004006;4100;false;;Hermes kann die Sendung leider nicht wie geplant zustellen. Die Sendung wird #AM# #ORT# aufbewahrt und zu einem späteren Zeitpunkt zugestellt. Mögliche Gründe: Kapazitätsengpässe oder Verzögerungen beim Sendungstransport.;;Unfortunately Hermes is unable to deliver the parcel as planned. The shipment will be kept #AM# #ORT# and delivered at a later date. Possible reasons: capacity bots or delays in the transport of shipments.
080005003;4100;false;Lagernd mehrcollige Sdg.;Die Sendung wird #AM# #ORT# aufbewahrt, da mehrere zusammengehörige Sendungen gleichzeitig ausgeliefert werden sollen. Es wird auf die weiteren Sendungen gewartet.;Shipment stored (multi-part shipment);The shipment will be kept #AM# #ORT#, as several related shipments are to be delivered at the same time. We are waiting for the other shipments.
080006003;4100;false;Lagernd wegen Termin;Die Sendung wird #AM# #ORT# aufbewahrt.;Shipment stored (appointment);The shipment is being kept #AM# #ORT#.
080007003;4100;false;Lagernd ohne Avis;Die Sendung wird für einen Tag #AM# #ORT# aufbewahrt um auf das fehlende Avis zu warten. Anderenfalls wird die Sendung manuell nacherfasst.;Shipment stored (pre-advice missed);The shipment will be kept #AM# #ORT# for one day to wait for the missing advice note. Otherwise, the shipment will be subsequently recorded manually.
085001002;4500;false;Inventur;Die Sendung wird #AM# #ORT# aufbewahrt.;Shipment stored (stocktaking);The shipment is being kept #AM# #ORT#.
085001003;4500;true;Inventur;Die Sendung wird #AM# #ORT# aufbewahrt.;Shipment stored (stocktaking);The shipment is being kept #AM# #ORT#.
090000000;3500;true;;Die Sendung wurde zugestellt.;;The shipment has been delivered.
090000009;3500;false;;Die Sendung wurde zugestellt.;;The shipment has been delivered.
090001000;3510;true;Zustestellt mit Scanner;Die Sendung wurde zugestellt.;Shipment delivered (with handheld scanner);The shipment has been delivered.
090001003;3510;false;Zustestellt mit Scanner;Die Sendung wurde zugestellt.;Shipment delivered (with handheld scanner);The shipment has been delivered.
090001004;3510;false;Zustestellt mit Scanner;Die Sendung wurde zugestellt.;Shipment delivered (with handheld scanner);The shipment has been delivered.
090001009;3510;false;Zustestellt mit Scanner;Die Sendung wurde zugestellt.;Shipment delivered (with handheld scanner);The shipment has been delivered.
090002000;3520;true;Zugestellt ohne Scanner;Die Sendung wurde zugestellt.;Shipment delivered (without handheld scanner);The shipment has been delivered.
090003008;3530;true;;Die Sendung wurde vom Empfänger im Hermes PaketShop #PAKETSHOPNAME# abgeholt.;;The shipment has been collected by the recipient from the Hermes ParcelShop #PAKETSHOPNAME#.
090003009;3530;false;;Die Sendung wurde vom Empfänger im Hermes PaketShop #PAKETSHOPNAME# abgeholt.;;The shipment has been collected by the recipient from the Hermes ParcelShop #PAKETSHOPNAME#.
090005004;3511;true;;Die Sendung wurde im Briefkasten zugestellt.;;The shipment has been delivered in the letterbox.
100000002;6080;false;Rückversand;Die Sendung wurde #IM# #ORT# #CITY# bearbeitet.;Shipment will be returned;The shipment has been processed #IM# #ORT# #CITY#.
100000003;6080;true;Rückversand;Die Sendung wurde #IM# #ORT# #CITY# bearbeitet.;Shipment will be returned;The shipment has been processed #IM# #ORT# #CITY#.
100000009;6080;false;Rückversand;Die Sendung wurde #IM# #ORT# #CITY# bearbeitet.;Shipment will be returned;The shipment has been processed #IM# #ORT# #CITY#.
100001000;6081;true;Rückversand - Annahmeverweigerung;Die Sendung wird an den Auftraggeber zurückgeführt.;Shipment will be returned (customer refused to accept the shipment);The shipment will be returned to the client.
100001002;6081;false;Rückversand - Annahmeverweigerung;Die Sendung wird an den Auftraggeber zurückgeführt.;Shipment will be returned (customer refused to accept the shipment);The shipment will be returned to the client.
100001003;6081;false;Rückversand - Annahmeverweigerung;Die Sendung wird an den Auftraggeber zurückgeführt.;Shipment will be returned (customer refused to accept the shipment);The shipment will be returned to the client.
100001009;6081;false;Rückversand - Annahmeverweigerung;Die Sendung wird an den Auftraggeber zurückgeführt.;Shipment will be returned (customer refused to accept the shipment);The shipment will be returned to the client.
100002000;6082;true;Rückversand - Adresse nicht lesbar;Die Sendung befindet sich auf dem Rückweg zum Auftraggeber, da die angegebene Anschrift auf dem Label nicht lesbar war und nicht geklärt werden konnte.;Shipment will be returned (address not readable);The shipment is on its way back to the client because the address given on the label was not legible and could not be clarified.
100002002;6082;false;Rückversand - Adresse nicht lesbar;Die Sendung befindet sich auf dem Rückweg zum Auftraggeber, da die angegebene Anschrift auf dem Label nicht lesbar war und nicht geklärt werden konnte.;Shipment will be returned (address not readable);The shipment is on its way back to the client because the address given on the label was not legible and could not be clarified.
100002003;6082;false;Rückversand - Adresse nicht lesbar;Die Sendung befindet sich auf dem Rückweg zum Auftraggeber, da die angegebene Anschrift auf dem Label nicht lesbar war und nicht geklärt werden konnte.;Shipment will be returned (address not readable);The shipment is on its way back to the client because the address given on the label was not legible and could not be clarified.
100003003;6083;true;Rückversand - Adresse falsch ;Die Sendung befindet sich auf dem Rückweg zum Auftraggeber.;Shipment will be returned (address not found);The shipment is on its way back to the client.
100003009;6083;false;Rückversand - Adresse falsch ;Die Sendung befindet sich auf dem Rückweg zum Auftraggeber.;Shipment will be returned (address not found);The shipment is on its way back to the client.
100004000;6084;true;Rückversand - N4  ;Der Empfänger wurde wiederholt nicht angetroffen. Die Sendung befindet sich auf dem Rückweg zum Auftraggeber.;Shipment will be returned (receiver not met);The receiver was repeatedly not present. The shipment is on its way back to the client.
100004003;6084;false;Rückversand - N4  ;Der Empfänger wurde wiederholt nicht angetroffen. Die Sendung befindet sich auf dem Rückweg zum Auftraggeber.;Shipment will be returned (receiver not met);The receiver was repeatedly not present. The shipment is on its way back to the client.
100004009;6084;false;Rückversand - N4  ;Der Empfänger wurde wiederholt nicht angetroffen. Die Sendung befindet sich auf dem Rückweg zum Auftraggeber.;Shipment will be returned (receiver not met);The receiver was repeatedly not present. The shipment is on its way back to the client.
100005000;6085;false;Rückversand - Schadenfall;Die Sendung wird #IM# #ORT# #CITY# auf einen Schaden überprüft.;Shipment will be returned (damage);The shipment is checked for damage #IM# #ORT# #CITY#.
100005002;6085;true;Rückversand - Schadenfall;Aufgrund eines möglichen Schadens geht die Sendung zurück zum Depot.;Shipment will be returned (damage);Due to a possible damage the shipment returns to the distribution centre.
100005003;6085;false;Rückversand - Schadenfall;Die Sendung wird #IM# #ORT# #CITY# auf einen Schaden überprüft.;Shipment will be returned (damage);The shipment is checked for damage #IM# #ORT# #CITY#.
100005006;6085;false;Rückversand - Schadenfall;Die Sendung wird #IM# #ORT# #CITY# auf einen Schaden überprüft.;Shipment will be returned (damage);The shipment is checked for damage #IM# #ORT# #CITY#.
100006003;6086;true;Rückversand - Irrläufer Sortierfehler ;Die Sendung ist zum falschen Standort geliefert worden und wird entsprechend umgeleitet. Die Zustellung verzögert sich.;Shipment will be returned (sorting issue);The shipment has been delivered to the wrong location and will be redirected accordingly. Delivery is delayed.
100007003;6087;true;Rückversand - Irrläufer technischer Fehler;Aufgrund fehlerhafter Daten ist die Sendung zum falschen Standort geliefert worden. Die Zustellung verzögert sich.;Shipment will be returned (technical issue);Due to incorrect data, the shipment was delivered to the wrong location. Delivery is delayed.
100008000;6088;true;;Die Sendung wird auf Wunsch des Empfängers umgeleitet.;;The shipment will be redirected at the request of the recipient.
100008002;6088;false;;Die Sendung wird auf Wunsch des Empfängers umgeleitet.;;The shipment will be redirected at the request of the recipient.
100008003;6088;false;;Die Sendung wird auf Wunsch des Empfängers umgeleitet.;;The shipment will be redirected at the request of the recipient.
100008009;6088;false;;Die Sendung wird auf Wunsch des Empfängers umgeleitet.;;The shipment will be redirected at the request of the recipient.
100009002;6089;true;Rückversand - Retoure;Die Sendung wurde #IM# #ORT# #CITY# sortiert.;Shipment will be returned (Returns);The shipment has been sorted #IM# #ORT# #CITY#.
100009003;6089;false;Rückversand - Retoure;Die Sendung wurde #IM# #ORT# #CITY# sortiert.;Shipment will be returned (Returns);The shipment has been sorted #IM# #ORT# #CITY#.
100009009;6089;false;Rückversand - Retoure;Die Sendung wurde #IM# #ORT# #CITY# sortiert.;Shipment will be returned (Returns);The shipment has been sorted #IM# #ORT# #CITY#.
100010003;6094;true;Rückversand - Empfänger hat kein Bargeld;Die Sendung wird an den Auftraggeber zurückgeführt.;Shipment will be returned (COD amount could not be paid);The shipment will be returned to the client.
100011003;6092;true;Rückversand - Identservice     ;Die Sendung befindet sich auf dem Rückweg zum Auftraggeber.;Shipment will be returned (customer identification failed);The shipment is on its way back to the client.
100015000;6093;true;;Die Sendung befindet sich auf dem Rückweg zum Auftraggeber, da sie am Hermes PaketShop nicht abgeholt wurde.;;The shipment is on its way back to the client because it was not collected from the Hermes ParcelShop.
100015003;6093;false;;Die Sendung befindet sich auf dem Rückweg zum Auftraggeber, da sie am Hermes PaketShop nicht abgeholt wurde.;;The shipment is on its way back to the client because it was not collected from the Hermes ParcelShop.
100015009;6093;false;;Die Sendung befindet sich auf dem Rückweg zum Auftraggeber, da sie am Hermes PaketShop nicht abgeholt wurde.;;The shipment is on its way back to the client because it was not collected from the Hermes ParcelShop.
100018000;6098;true;;Die Sendung befindet sich auf dem Rückweg zum Auftraggeber, da sie auf Grund einer fehlenden oder falschen TAN nicht zugestellt werden konnte.;;The shipment is on its way back to the client because it could not be delivered due to a missing or incorrect TAN.
100018002;6098;false;;Die Sendung befindet sich auf dem Rückweg zum Auftraggeber, da sie auf Grund einer fehlenden oder falschen TAN nicht zugestellt werden konnte.;;The shipment is on its way back to the client because it could not be delivered due to a missing or incorrect TAN.
100018003;6098;false;;Die Sendung befindet sich auf dem Rückweg zum Auftraggeber, da sie auf Grund einer fehlenden oder falschen TAN nicht zugestellt werden konnte.;;The shipment is on its way back to the client because it could not be delivered due to a missing or incorrect TAN.
100024002;6096;false;;Die Sendung befindet sich auf dem Rückweg zum Auftraggeber, da sie zu groß/schwer war und nicht am Hermes PaketShop abgegeben werden kann.;;The shipment is on its way back to the client as it was too big/heavy and cannot be handed in at the Hermes ParcelShop.
100024003;6096;true;;Die Sendung befindet sich auf dem Rückweg zum Auftraggeber, da sie zu groß/schwer war und nicht am Hermes PaketShop abgegeben werden kann.;;The shipment is on its way back to the client as it was too big/heavy and cannot be handed in at the Hermes ParcelShop.
100090002;4072;false;Storno Rückversand;Der Rückversand der Sendung zum Auftraggeber wurde storniert (fehlerhafter Scan wurde korrigiert).;Shipment will be returned cancelled;The return of the shipment to the client has been cancelled (incorrect scan has been corrected).
100090003;4072;true;Storno Rückversand;Der Rückversand der Sendung zum Auftraggeber wurde storniert (fehlerhafter Scan wurde korrigiert).;Shipment will be returned cancelled;The return of the shipment to the client has been cancelled (incorrect scan has been corrected).
100099003;6099;true;;Die Sendung befindet sich auf dem Rückweg zum Auftraggeber, da die Auslieferung gestoppt wurde.;;The shipment is on its way back to the client, as delivery was stopped.
101001002;6090;true;Versand LC;Die Sendung wurde #IM# #ORT# #CITY# sortiert.;Shipment forwarded to LC;The shipment has been sorted #IM# #ORT# #CITY#.
101001003;6090;false;Versand LC;Die Sendung wurde #IM# #ORT# #CITY# sortiert.;Shipment forwarded to LC;The shipment has been sorted #IM# #ORT# #CITY#.
115001003;1520;false;Umschlag LC einer Retouren-Sendung;Die Retoure/Rücksendung wurde #IM# #ORT# #CITY# sortiert und befindet sich auf dem Rückweg zum Auftraggeber.;Return shipment processed/sorted;The return/return shipment has been sorted #IM# #ORT# #CITY# and is on its way back to the client.
115001006;1520;true;Umschlag LC einer Retouren-Sendung;Die Retoure/Rücksendung wurde #IM# #ORT# #CITY# sortiert und befindet sich auf dem Rückweg zum Auftraggeber.;Return shipment processed/sorted;The return/return shipment has been sorted #IM# #ORT# #CITY# and is on its way back to the client.
125001007;7500;false;;Die Retoure/Rücksendung ist beim Auftraggeber eingegangen.;;The return/return shipment has arrived at the client.
125001009;7500;true;;Die Retoure/Rücksendung ist beim Auftraggeber eingegangen.;;The return/return shipment has arrived at the client.
310001301;9311;true;;Der Empfänger hat einen dauerhaften WunschPaketShop für die Zustellung seiner Sendungen gewählt.;;The recipient has chosen a permanent PreferredParcelShop for the delivery of their shipments.
310005301;9315;true;;Der Empfänger hat eine dauerhafte WunschErsatzadresse für die Zustellung seiner Sendungen gewählt.;;The recipient has chosen a permanent PreferredAddress for the delivery of their shipments.
320001301;9321;true;;Es wurde ein WunschPaketShop für die Zustellung gewählt.;;A PreferredParcelShop was chosen for delivery.
320001302;9321;false;;Es wurde ein WunschPaketShop für die Zustellung gewählt.;;A PreferredParcelShop was chosen for delivery.
320002301;9322;true;;Es wurde ein WunschNachbar für die Zustellung gewählt.;;A PreferredNeighbour has been chosen for delivery.
320002302;9322;false;;Es wurde ein WunschNachbar für die Zustellung gewählt.;;A PreferredNeighbour has been chosen for delivery.
320003301;9323;true;;Es wurde ein WunschAblageort für die Zustellung gewählt.;;A PreferredStoragePlace has been chosen for delivery.
320003302;9323;false;;Es wurde ein WunschAblageort für die Zustellung gewählt.;;A PreferredStoragePlace has been chosen for delivery.
320004301;9324;true;;Es wurde ein WunschTag für die Zustellung gewählt.;;A PreferredDeliveryDate has been chosen for delivery.
320004302;9324;false;;Es wurde ein WunschTag für die Zustellung gewählt.;;A PreferredDeliveryDate has been chosen for delivery.
320005301;9325;true;;Es wurde eine WunschErsatzadresse für die Zustellung gewählt.;;A PreferredAddress has been chosen for delivery.
320005302;9325;false;;Es wurde eine WunschErsatzadresse für die Zustellung gewählt.;;A PreferredAddress has been chosen for delivery.
320007301;9327;true;;Der Hermes Kundenservice hat einen Hinweis zur Zustellung erstellt.;;Hermes Customer Service has issued a note about the delivery.
320007302;9327;false;;Der Hermes Kundenservice hat einen Hinweis zur Zustellung erstellt.;;Hermes Customer Service has issued a note about the delivery.
320008000;9328;true;;Durch den Hermes Kundenservice wurde auf Wunsch des Kunden eine Adresskorrektur durchgeführt.;;At the request of the customer, an address correction was carried out by Hermes Customer Service.
320008302;9328;false;;Durch den Hermes Kundenservice wurde auf Wunsch des Kunden eine Adresskorrektur durchgeführt.;;At the request of the customer, an address correction was carried out by Hermes Customer Service.
320020301;9340;true;;Die Sendung wurde storniert.;;The shipment has been cancelled.
320020302;9340;false;;Die Sendung wurde storniert.;;The shipment has been cancelled.
320021304;9341;true;;Die Sendung wurde durch den Auftraggeber storniert.;;The shipment has been cancelled by the client.
380001301;9381;true;;Der dauerhafte WunschPaketShop wurde storniert.;;The permanent PreferredParcelShop has been cancelled.
380005301;9385;true;;Die dauerhafte WunschErsatzadresse wurde storniert.;;The permanent PreferredAddress has been cancelled.
390001301;9391;true;;Der WunschPaketShop wurde storniert.;;The PreferredParcelShop has been cancelled.
390004301;9394;true;;Der WunschTermin wurde storniert.;;The PreferredDate has been cancelled.
390005301;9395;true;;Die WunschErsatzadresse wurde storniert.;;The PreferredAddress has been cancelled.
390020301;9399;true;;Die Stornierung der Sendung wurde gelöscht.;;The cancellation of the shipment has been deleted.
